{
  "fragments/SortDialog.fragment.xml": 1680090164257,
  "controller/MANAGE/manageUsersRoles.controller.js": 1681050625606,
  "manifest.json": 1681054642404,
  "controller/EDIT/editUsersRoles.controller.js": 1681053879380,
  "controller/DISPLAY/displayUsersRoles.controller.js": 1680967465588,
  "utils/locate-reuse-libs.js": 1677602113439,
  "model/models.js": 1677602113447,
  "controller/View1.controller.js": 1677602113455,
  "controller/App.controller.js": 1677602383925,
  "Component.js": 1677602113435,
  "Component-preload.js": 1681054642834,
  "Component-dbg.js": 1677602113435,
  "controller/EDIT/editUsersRoles-dbg.controller.js": 1681053879380,
  "controller/DISPLAY/displayUsersRoles-dbg.controller.js": 1680967465588,
  "utils/locate-reuse-libs-dbg.js": 1677602113439,
  "model/models-dbg.js": 1677602113447,
  "controller/View1-dbg.controller.js": 1677602113455,
  "controller/App-dbg.controller.js": 1677602383925,
  "controller/MANAGE/manageUsersRoles-dbg.controller.js": 1681050625606,
  "view/MANAGE/manageUsersRoles.view.xml": 1680975476707,
  "view/EDIT/editUsersRoles.view.xml": 1680880819696,
  "view/DISPLAY/displayUsersRoles.view.xml": 1680967288515,
  "view/View1.view.xml": 1677602113455,
  "view/App.view.xml": 1677602188284,
  "i18n/i18n.properties": 1677602143824,
  "fragments/PasswordHelpPopover.fragment.xml": 1680911726956,
  "fragments/BusyDialog.fragment.xml": 1680090164253,
  "css/style.css": 1680905801794,
  "index.html": 1677602113435
}